/*
SQLyog 企业版 - MySQL GUI v8.14 
MySQL - 5.6.24 : Database - reservationsystem
*********************************************************************
*/


/*!40101 SET NAMES utf8 */;

/*!40101 SET SQL_MODE=''*/;

/*!40014 SET @OLD_UNIQUE_CHECKS=@@UNIQUE_CHECKS, UNIQUE_CHECKS=0 */;
/*!40014 SET @OLD_FOREIGN_KEY_CHECKS=@@FOREIGN_KEY_CHECKS, FOREIGN_KEY_CHECKS=0 */;
/*!40101 SET @OLD_SQL_MODE=@@SQL_MODE, SQL_MODE='NO_AUTO_VALUE_ON_ZERO' */;
/*!40111 SET @OLD_SQL_NOTES=@@SQL_NOTES, SQL_NOTES=0 */;
CREATE DATABASE /*!32312 IF NOT EXISTS*/reservationsystem /*!40100 DEFAULT CHARACTER SET utf8 */;

USE reservationsystem;

/*Table structure for table clazz */

DROP TABLE IF EXISTS clazz;

CREATE TABLE clazz (
  clazz_id varchar(32) NOT NULL,
  cnumber varchar(20) DEFAULT NULL,
  snumber int(11) DEFAULT NULL,
  clazz_state varchar(2) DEFAULT NULL,
  cname varchar(20) DEFAULT NULL,
  PRIMARY KEY (clazz_id)
) ENGINE=InnoDB DEFAULT CHARSET=utf8;

/*Data for the table clazz */

insert  into clazz(clazz_id,cnumber,snumber,clazz_state,cname) values ('8a0327485954f87f015954f9e6ab0001','13455361',31,'1','校区13软件'),('ff808081595da7b901595da8bda20000','13455362',32,'1','校区13软件'),('ff808081595da7b901595da93d5e0001','14455361',40,'1','校区14软件'),('ff808081595da7b901595da9c0080002','1345531',60,'1','校区13电气'),('ff808081595da7b901595daa473f0003','1345532',30,'1','校区13电气'),('ff808081595da7b901595daac5e50004','134555666',1,'1','校区13电气实验班');

/*Table structure for table course */

DROP TABLE IF EXISTS course;

CREATE TABLE course (
  course_id varchar(32) NOT NULL,
  c_number varchar(20) DEFAULT NULL,
  c_name varchar(20) DEFAULT NULL,
  course_state varchar(2) DEFAULT NULL,
  PRIMARY KEY (course_id)
) ENGINE=InnoDB DEFAULT CHARSET=utf8;

/*Data for the table course */

insert  into course(course_id,c_number,c_name,course_state) values ('ff808081595dbebe01595dbf3dc00000','55z12345','JAVA程序设计','1'),('ff808081595dbebe01595dc26ce50001','55z12346','C#程序设计','1'),('ff808081595dbebe01595dc324150002','55z12347','算法设计与分析','1'),('ff8080815961ef69015961ff028e0004','55z12349','电子电路','1');

/*Table structure for table info */

DROP TABLE IF EXISTS info;

CREATE TABLE info (
  info_id varchar(32) NOT NULL,
  type varchar(10) DEFAULT NULL,
  source varchar(50) DEFAULT NULL,
  title varchar(100) NOT NULL,
  content longtext,
  memo varchar(200) DEFAULT NULL,
  creator varchar(10) DEFAULT NULL,
  create_time datetime DEFAULT NULL,
  state varchar(1) DEFAULT NULL,
  PRIMARY KEY (info_id)
) ENGINE=InnoDB DEFAULT CHARSET=utf8;

/*Data for the table info */

insert  into info(info_id,type,source,title,content,memo,creator,create_time,state) values ('2c9ca7925962e8d4015962ef2f5b0000','cgzs','软件实验基地','软件实验室机房配备','<p><img width=\"800\" height=\"566\" title=\"机房电脑图片图片\" align=\"middle\" class=\"myThumbImg cursors\" alt=\"机房电脑图片图片\" src=\"http://localhost:8080/ReservationSystem/ueditor/jsp/upload/image/20170103/1483424520816045000.jpg\"/></p>','','admin','2017-01-03 14:02:12','1'),('2c9ca7925962f6a20159630f48d50000','tzgg','百度','实验室介绍','<p>shí yàn shì] <a title=\"点击发声\" class=\"speak\" id=\"j-pinyin-speak\" href=\"javascript:;\" nslog-type=\"10000106\">&nbsp;</a></p><p><audio id=\"audio\" src></audio></p><h1>实验室</h1><h2>（进行试验的场所）</h2><p><a class=\"edit-lemma cmn-btn-hover-blue cmn-btn-28 j-edit-link\" style=\"display: inline-block;\" href=\"javascript:;\"><em class=\"cmn-icon wiki-lemma-icons wiki-lemma-icons_edit-lemma\"></em>编辑</a> <a title=\"锁定\" class=\"lock-lemma\" href=\"http://baike.baidu.com/view/10812319.htm\" target=\"_blank\"><em class=\"cmn-icon wiki-lemma-icons wiki-lemma-icons_lock-lemma\"></em>锁定</a> </p><p><a href=\"http://baike.baidu.com/subview/182409/20470774.htm\" target=\"_blank\" data-lemmaid=\"3298029\">实验室</a>即进行试验的场所，是科技的产出地，所以国家对试验室投入非常大。现如今很多大学的实验室都是老师与研究生日常工作研究的场所。</p><ul class=\"basicInfo-block basicInfo-left list-paddingleft-2\"><li><p>中文名</p></li><li><p>实验室</p></li></ul><ul class=\"basicInfo-block basicInfo-right list-paddingleft-2\"><li><p>外文名</p></li><li><p>laboratory</p></li><li><p>拼&nbsp;&nbsp;&nbsp;&nbsp;音</p></li><li><p>shí yàn shì</p></li></ul><h2 class=\"block-title\">目录</h2><ol class=\" list-paddingleft-2\"><li><p><span class=\"index\">1</span> <span class=\"text\"><a href=\"http://baike.baidu.com/link?url=tdy9yFwFEcO6790JTyFnDVEwRviQhTVxKaAv6nYkpr_xwjvdEIGLc3V4PvIMpArtVeheAreg1a0eb0Myh8-rlu-UwfDBXPR6B1uEGv1nS0elHcY3WWPlWcaZPE-YHV8Z#1\">概述</a></span></p></li><li><p><span class=\"index\">2</span> <span class=\"text\"><a href=\"http://baike.baidu.com/link?url=tdy9yFwFEcO6790JTyFnDVEwRviQhTVxKaAv6nYkpr_xwjvdEIGLc3V4PvIMpArtVeheAreg1a0eb0Myh8-rlu-UwfDBXPR6B1uEGv1nS0elHcY3WWPlWcaZPE-YHV8Z#2\">分类</a></span></p></li><li><p><span class=\"index\">3</span> <span class=\"text\"><a href=\"http://baike.baidu.com/link?url=tdy9yFwFEcO6790JTyFnDVEwRviQhTVxKaAv6nYkpr_xwjvdEIGLc3V4PvIMpArtVeheAreg1a0eb0Myh8-rlu-UwfDBXPR6B1uEGv1nS0elHcY3WWPlWcaZPE-YHV8Z#3\">简介</a></span></p></li><li><p><span class=\"index\">▪</span> <span class=\"text\"><a href=\"http://baike.baidu.com/link?url=tdy9yFwFEcO6790JTyFnDVEwRviQhTVxKaAv6nYkpr_xwjvdEIGLc3V4PvIMpArtVeheAreg1a0eb0Myh8-rlu-UwfDBXPR6B1uEGv1nS0elHcY3WWPlWcaZPE-YHV8Z#3_1\">分级</a></span></p></li><li><p><span class=\"index\">▪</span> <span class=\"text\"><a href=\"http://baike.baidu.com/link?url=tdy9yFwFEcO6790JTyFnDVEwRviQhTVxKaAv6nYkpr_xwjvdEIGLc3V4PvIMpArtVeheAreg1a0eb0Myh8-rlu-UwfDBXPR6B1uEGv1nS0elHcY3WWPlWcaZPE-YHV8Z#3_2\">适用范围</a></span></p></li><li><p><span class=\"index\">4</span> <span class=\"text\"><a href=\"http://baike.baidu.com/link?url=tdy9yFwFEcO6790JTyFnDVEwRviQhTVxKaAv6nYkpr_xwjvdEIGLc3V4PvIMpArtVeheAreg1a0eb0Myh8-rlu-UwfDBXPR6B1uEGv1nS0elHcY3WWPlWcaZPE-YHV8Z#4\">世界著名</a></span></p></li></ol><ol class=\" list-paddingleft-2\"><li><p><span class=\"index\">▪</span> <span class=\"text\"><a href=\"http://baike.baidu.com/link?url=tdy9yFwFEcO6790JTyFnDVEwRviQhTVxKaAv6nYkpr_xwjvdEIGLc3V4PvIMpArtVeheAreg1a0eb0Myh8-rlu-UwfDBXPR6B1uEGv1nS0elHcY3WWPlWcaZPE-YHV8Z#4_1\">大学</a></span></p></li><li><p><span class=\"index\">▪</span> <span class=\"text\"><a href=\"http://baike.baidu.com/link?url=tdy9yFwFEcO6790JTyFnDVEwRviQhTVxKaAv6nYkpr_xwjvdEIGLc3V4PvIMpArtVeheAreg1a0eb0Myh8-rlu-UwfDBXPR6B1uEGv1nS0elHcY3WWPlWcaZPE-YHV8Z#4_2\">国家机构</a></span></p></li><li><p><span class=\"index\">▪</span> <span class=\"text\"><a href=\"http://baike.baidu.com/link?url=tdy9yFwFEcO6790JTyFnDVEwRviQhTVxKaAv6nYkpr_xwjvdEIGLc3V4PvIMpArtVeheAreg1a0eb0Myh8-rlu-UwfDBXPR6B1uEGv1nS0elHcY3WWPlWcaZPE-YHV8Z#4_3\">企业部门</a></span></p></li><li><p><span class=\"index\">5</span> <span class=\"text\"><a href=\"http://baike.baidu.com/link?url=tdy9yFwFEcO6790JTyFnDVEwRviQhTVxKaAv6nYkpr_xwjvdEIGLc3V4PvIMpArtVeheAreg1a0eb0Myh8-rlu-UwfDBXPR6B1uEGv1nS0elHcY3WWPlWcaZPE-YHV8Z#5\">中国</a></span></p></li><li><p><span class=\"index\">▪</span> <span class=\"text\"><a href=\"http://baike.baidu.com/link?url=tdy9yFwFEcO6790JTyFnDVEwRviQhTVxKaAv6nYkpr_xwjvdEIGLc3V4PvIMpArtVeheAreg1a0eb0Myh8-rlu-UwfDBXPR6B1uEGv1nS0elHcY3WWPlWcaZPE-YHV8Z#5_1\">简介</a></span></p></li><li><p><span class=\"index\">▪</span> <span class=\"text\"><a href=\"http://baike.baidu.com/link?url=tdy9yFwFEcO6790JTyFnDVEwRviQhTVxKaAv6nYkpr_xwjvdEIGLc3V4PvIMpArtVeheAreg1a0eb0Myh8-rlu-UwfDBXPR6B1uEGv1nS0elHcY3WWPlWcaZPE-YHV8Z#5_2\">已经建成</a></span></p></li></ol><ol class=\" list-paddingleft-2\"><li><p><span class=\"index\">▪</span> <span class=\"text\"><a href=\"http://baike.baidu.com/link?url=tdy9yFwFEcO6790JTyFnDVEwRviQhTVxKaAv6nYkpr_xwjvdEIGLc3V4PvIMpArtVeheAreg1a0eb0Myh8-rlu-UwfDBXPR6B1uEGv1nS0elHcY3WWPlWcaZPE-YHV8Z#5_3\">正在兴建</a></span></p></li><li><p><span class=\"index\">▪</span> <span class=\"text\"><a href=\"http://baike.baidu.com/link?url=tdy9yFwFEcO6790JTyFnDVEwRviQhTVxKaAv6nYkpr_xwjvdEIGLc3V4PvIMpArtVeheAreg1a0eb0Myh8-rlu-UwfDBXPR6B1uEGv1nS0elHcY3WWPlWcaZPE-YHV8Z#5_4\">其他</a></span></p></li><li><p><span class=\"index\">6</span> <span class=\"text\"><a href=\"http://baike.baidu.com/link?url=tdy9yFwFEcO6790JTyFnDVEwRviQhTVxKaAv6nYkpr_xwjvdEIGLc3V4PvIMpArtVeheAreg1a0eb0Myh8-rlu-UwfDBXPR6B1uEGv1nS0elHcY3WWPlWcaZPE-YHV8Z#6\">重点</a></span></p></li><li><p><span class=\"index\">7</span> <span class=\"text\"><a href=\"http://baike.baidu.com/link?url=tdy9yFwFEcO6790JTyFnDVEwRviQhTVxKaAv6nYkpr_xwjvdEIGLc3V4PvIMpArtVeheAreg1a0eb0Myh8-rlu-UwfDBXPR6B1uEGv1nS0elHcY3WWPlWcaZPE-YHV8Z#7\">消毒方法</a></span></p></li><li><p><span class=\"index\">8</span> <span class=\"text\"><a href=\"http://baike.baidu.com/link?url=tdy9yFwFEcO6790JTyFnDVEwRviQhTVxKaAv6nYkpr_xwjvdEIGLc3V4PvIMpArtVeheAreg1a0eb0Myh8-rlu-UwfDBXPR6B1uEGv1nS0elHcY3WWPlWcaZPE-YHV8Z#8\">CNAL</a></span></p></li><li><p><span class=\"index\">9</span> <span class=\"text\"><a href=\"http://baike.baidu.com/link?url=tdy9yFwFEcO6790JTyFnDVEwRviQhTVxKaAv6nYkpr_xwjvdEIGLc3V4PvIMpArtVeheAreg1a0eb0Myh8-rlu-UwfDBXPR6B1uEGv1nS0elHcY3WWPlWcaZPE-YHV8Z#9\">安全</a></span></p></li></ol><ol class=\" list-paddingleft-2\"><li><p><span class=\"index\">10</span> <span class=\"text\"><a href=\"http://baike.baidu.com/link?url=tdy9yFwFEcO6790JTyFnDVEwRviQhTVxKaAv6nYkpr_xwjvdEIGLc3V4PvIMpArtVeheAreg1a0eb0Myh8-rlu-UwfDBXPR6B1uEGv1nS0elHcY3WWPlWcaZPE-YHV8Z#10\">洁净分类</a></span></p></li><li><p><span class=\"index\">▪</span> <span class=\"text\"><a href=\"http://baike.baidu.com/link?url=tdy9yFwFEcO6790JTyFnDVEwRviQhTVxKaAv6nYkpr_xwjvdEIGLc3V4PvIMpArtVeheAreg1a0eb0Myh8-rlu-UwfDBXPR6B1uEGv1nS0elHcY3WWPlWcaZPE-YHV8Z#10_1\">普通洁净</a></span></p></li><li><p><span class=\"index\">▪</span> <span class=\"text\"><a href=\"http://baike.baidu.com/link?url=tdy9yFwFEcO6790JTyFnDVEwRviQhTVxKaAv6nYkpr_xwjvdEIGLc3V4PvIMpArtVeheAreg1a0eb0Myh8-rlu-UwfDBXPR6B1uEGv1nS0elHcY3WWPlWcaZPE-YHV8Z#10_2\">生物安全</a></span></p></li></ol><p><a name=\"1\"></a> <a name=\"sub20470774_1\"></a> <a name=\"概述\"></a> </p><h2 class=\"title-text\"><span class=\"title-prefix\">实验室</span>概述</h2><p><a class=\"edit-icon j-edit-link\" style=\"display: block;\" href=\"javascript:;\" data-edit-dl=\"1\"><em class=\"cmn-icon wiki-lemma-icons wiki-lemma-icons_edit-lemma\"></em>编辑</a></p><p>实验室是科学的摇篮，是科学研究的基地，科技发展的源泉，对科技发展起着非常重要的作用。</p><p><a title=\"\" class=\"image-link\" style=\"width: 220px; height: 112px;\" href=\"http://baike.baidu.com/pic/%E5%AE%9E%E9%AA%8C%E5%AE%A4/3298029/0/7aec54e736d12f2e1e97414c4ec2d56285356808?fr=lemma&ct=single\" target=\"_blank\" nslog-type=\"9317\"><img style=\"width: 220px; height: 112px;\" alt=\"\" src=\"http://localhost:8080/ReservationSystem/ueditor/jsp/upload/image/20170103/1483425642689082082.jpg\"/></a></p><p>在国际上享有盛誉的著名实验室更被喻为科研领域的麦加，是科技工作者憧憬和跟随的处所。这些实验室往往代表了世界前沿基础研究的最高程度，出生了一大批<a href=\"http://baike.baidu.com/view/6170.htm\" target=\"_blank\">诺贝尔奖</a>获得者和拥有划时期意思的科技立异成果，是开展高档次学术交换的重要场合。</p><p><a name=\"2\"></a> <a name=\"sub20470774_2\"></a> <a name=\"分类\"></a> </p><h2 class=\"title-text\"><span class=\"title-prefix\">实验室</span>分类</h2><p><a class=\"edit-icon j-edit-link\" style=\"display: block;\" href=\"javascript:;\" data-edit-dl=\"2\"><em class=\"cmn-icon wiki-lemma-icons wiki-lemma-icons_edit-lemma\"></em>编辑</a></p><p><a title=\"实验室\" class=\"image-link\" style=\"width: 220px; height: 165px;\" href=\"http://baike.baidu.com/pic/%E5%AE%9E%E9%AA%8C%E5%AE%A4/3298029/0/4bd1e80318cd2f343912bba1?fr=lemma&ct=single\" target=\"_blank\" nslog-type=\"9317\"><img style=\"width: 220px; height: 165px;\" alt=\"实验室\" src=\"http://localhost:8080/ReservationSystem/ueditor/jsp/upload/image/20170103/1483425642814016900.jpg\"/></a><span class=\"description\">实验室 </span></p><p><strong>按学科分类</strong>：生物类的实验室</p><p>1. 一般生物安全防护实验室(不使用实验脊椎动物和昆虫)。</p><p>2. 实验脊椎动物生物安全防护实验室。</p><p><strong><br/>　　</strong></p><p><strong><br/>　　</strong></p><p><strong>按归属分类</strong>：</p><p>一、第一类是树立在大学里面，从属于大学或者是由大学代管<strong>的实验室</strong>。例如：英国<a href=\"http://baike.baidu.com/view/13714.htm\" target=\"_blank\">剑桥大学</a>的<a href=\"http://baike.baidu.com/view/575281.htm\" target=\"_blank\">卡文迪什实验室</a>，<a href=\"http://baike.baidu.com/view/56327.htm\" target=\"_blank\">莫斯科大学</a>的物理实验室，荷兰莱顿大学的低温实验室，<a href=\"http://baike.baidu.com/view/171489.htm\" target=\"_blank\">英国曼彻斯特大学</a>的物理实验室，等等。</p><p>二、第二类实验室属于国家机构，有的甚至是国际机构。它们大多从事于基本计量，高精尖项目，超大型的研究课题，和国防军事等任务。</p><p>三、第三类实验室直接归属于工业企业部门，为工业技术的开发与研究服务。例如：<a href=\"http://baike.baidu.com/view/37115.htm\" target=\"_blank\">贝尔实验室</a>和IBM 研究实验室。</p><p><a name=\"3\"></a> <a name=\"sub20470774_3\"></a> <a name=\"简介\"></a> </p><h2 class=\"title-text\"><span class=\"title-prefix\">实验室</span>简介</h2><p><a class=\"edit-icon j-edit-link\" style=\"display: block;\" href=\"javascript:;\" data-edit-dl=\"3\"><em class=\"cmn-icon wiki-lemma-icons wiki-lemma-icons_edit-lemma\"></em>编辑</a></p><p><a name=\"3_1\"></a> <a name=\"sub20470774_3_1\"></a> <a name=\"分级\"></a> </p><h3 class=\"title-text\"><span class=\"title-prefix\">实验室</span>分级</h3><p>每类生物安全防护实验室根据所处理的微生物及其毒素的危害程度各分为<a href=\"http://baike.baidu.com/view/142931.htm\" target=\"_blank\">四级</a>。各级实验室的生物安全防护要求依次为：一级最低，四级最高。</p><p><a name=\"3_2\"></a> <a name=\"sub20470774_3_2\"></a> <a name=\"适用范围\"></a> </p><h3 class=\"title-text\"><span class=\"title-prefix\">实验室</span>适用范围</h3><p>1. 一级生物安全防护实验室</p><p>实验室结构和设施、安全操作规程、安全设备适用于对健康成年人已知无致病作用的微生物，如用于教学的普通微生物实验室等。</p><p>2. 二级生物安全防护实验室</p><p>实验室结构和设施、安全操作规程、安全设备适用于对人或环境具有中等潜在危害的微生物。</p><p>3. 三级生物安全防护实验室</p><p>实验室结构和设施、安全操作规程、安全设备适用于主要通过呼吸途径使人传染上严重的甚至是致死疾病的致病微生物及其毒素，通常已有预防传染的疫苗。</p><p>艾滋病病毒的研究(血清学实验除外)应在三级生物安全防护实验室中进行。</p><p>4. 四级生物安全防护实验室</p><p>实验室结构和设施、安全操作规程、安全设备适用于对人体具有高度的危险性，通过气溶胶途径传播或传播途径不明，尚无有效的疫苗或治疗方法的致病微生物及其毒素。与上述情况类似的不明微生物，也必须在四级生物安全防护实验室中进行。待有充分数据后再决定此种微生物或毒素应在四级还是在较低级别的实验室中处理。</p><p>实验脊椎动物生物安全防护实验室，其适用微生物范围与同级的一般生物安全防护实验室相同。</p><p></p>','','admin','2017-01-03 14:39:57','1'),('2c9ca7925962f6a201596313a48a0001','xwqs','管理员','寻找U盘','<p>今天上午第二大节课在经管楼A503遗失U盘一个，U盘样式如图所示<img style=\"width: 186.9px; height: 125px; margin-left: 0px; display: inline-block;\" src=\"http://localhost:8080/ReservationSystem/ueditor/jsp/upload/image/20170103/1483425820071060362.jpg\"/></p><p>如有人捡到，请送至行政楼101室或联系郑蓓蕾同学，手机：18862601653。谢谢！</p>','','admin','2017-01-03 14:41:28','1'),('2c9ca7925962f6a2015963156be00002','swzl','管理员','帽子招领','<p>今天上午第一大节课在经管楼A405发现一顶学士帽，<img title=\"1483426031669015160.png\" alt=\"bosimao.png\" src=\"http://localhost:8080/ReservationSystem/upload/ueditor/image/20170103/1483426031669015160.png\"/></p><p>请失主到管理员办公室：行政楼101领取。</p>','','admin','2017-01-03 14:45:52','1'),('2c9ca7925962f6a20159631bdaa20003','tzgg','管理员','义工招聘','<p>因实验室使用频繁，清理人手不够，需要招聘义工两名，于每周末下午对实验室进行清理，请有意者联系管理员，管理员qq：1001001110</p>','','admin','2017-01-03 14:51:42','0'),('2c9ca7925962f6a20159631dbb5b0004','tzgg','蓝桥杯官网','蓝桥杯竞赛通知','<p class=\"p2\">第八届蓝桥杯全国软件和信息技术专业人才大赛 大赛章程</p><p class=\"p3\">2016-10-14</p><p><br/></p><p style=\"text-align: left; line-height: 2em; margin-top: 5px; margin-bottom: 5px;\"><span style=\"font-family: 微软雅黑, &quot;Microsoft YaHei&quot;; font-size: 14px;\">一、概况 <br/>1.1 大赛背景和宗旨</span></p><p style=\"text-align: left; line-height: 2em; margin-top: 5px; margin-bottom: 5px;\"><span style=\"font-family: 微软雅黑, &quot;Microsoft YaHei&quot;; font-size: 14px;\">&nbsp; &nbsp; &nbsp; 软件和信息技术产业作为我国的核心产业，是经济社会发展的先导性、战略性产业，软件和信息技术产业在推进信息化和工业化融合，转变发展方式，维护国家安全等方面发挥着重要作用。为推动软件和信息技术产业的发展，促进软件和信息技术专业技术人才培养，向软件和信息技术行业输送具有创新能力和实践能力的高端人才，提升高校毕业生的就业竞争力，全面推动行业发展及人才培养进程，工业和信息化部人才交流中心已成功举办七届蓝桥杯大赛。大赛的举办得到了教育部、工业和信息化部有关领导的高度重视，相关司局的大力支持，也得到了各省教育厅和各有关院校的积极响应，更得到了参赛师生的广泛好评，参赛学校超过1200余所，参赛规模已达十五万多人次，取得了良好的社会效果。<br/>&nbsp;&nbsp;&nbsp;&nbsp;</span></p><p style=\"text-align: left; line-height: 2em; margin-top: 5px; margin-bottom: 5px;\"><span style=\"font-family: 微软雅黑, &quot;Microsoft YaHei&quot;; font-size: 14px;\">&nbsp; &nbsp; &nbsp; 为贯彻落实《国家中长期教育改革和发展规划纲要(2010-2020年)》和《国务院关于印发进一步鼓励软件产业和集成电路产业发展若干政策的通知》有关精神，继续加快高等院校计算机、软件及电子专业教学创新与改革，提高学生自主创新意识和工程实践能力，促进高校计算机、软件及电子专业就业指导工作，工业和信息化部人才交流中心决定举办第八届蓝桥杯全国软件和信息技术专业人才大赛。大赛官方网站：www.lanqiao.org。<br/>&nbsp;&nbsp;&nbsp;&nbsp;</span></p><p style=\"text-align: left; line-height: 2em; margin-top: 5px; margin-bottom: 5px;\"><span style=\"font-family: 微软雅黑, &quot;Microsoft YaHei&quot;; font-size: 14px;\">&nbsp; &nbsp; &nbsp; 大赛分为个人赛和团队赛两个部分。本活动方案仅针对个人赛，团队赛具体方案另行通知。<br/><br/></span></p><p style=\"text-align: left; line-height: 2em; margin-top: 5px; margin-bottom: 5px;\"><span style=\"font-family: 微软雅黑, &quot;Microsoft YaHei&quot;; font-size: 14px;\">1.2大赛特色 <br/>&nbsp; &nbsp; &nbsp; 立足行业，结合实际，实战演练，促进就业。<br/>&nbsp; &nbsp; &nbsp; 政府、企业、协会联手构筑的人才培养、选拔平台。<br/>&nbsp; &nbsp; &nbsp; 以赛促学，竞赛内容基于所学专业知识。<br/>&nbsp; &nbsp; &nbsp; 以个人为单位，现场比拼，公正公平。<br/><br/></span></p><p style=\"text-align: left; line-height: 2em; margin-top: 5px; margin-bottom: 5px;\"><span style=\"font-family: 微软雅黑, &quot;Microsoft YaHei&quot;; font-size: 14px;\">1.3 大赛项目 <br/>（1）JAVA软件开发<br/>&nbsp; &nbsp; &nbsp; 对象：具有正式全日制学籍并且符合相关科目报名要求的研究生、本科及高职高专学生（以报名时状态为准），以个人为单位进行比赛。该专业方向设大学A组、大学B组、大学C组。</span></p><p style=\"text-align: left; line-height: 2em; margin-top: 5px; margin-bottom: 5px;\"><span style=\"font-family: 微软雅黑, &quot;Microsoft YaHei&quot;; font-size: 14px;\">&nbsp; &nbsp; &nbsp; 说明：985、211本科生只能报大学A组，所有院校研究生只能报大学A组，其它院校本科生可自行选择报大学A组或大学B组，高职高专院校可报大学C组或自行选择报任意组别。<br/>（2）C/C++程序设计<br/>&nbsp; &nbsp; &nbsp; 对象：具有正式全日制学籍并且符合相关科目报名要求的研究生、本科生及高职高专学生（以报名时状态为准) ，以个人为单位进行比赛。该专业方向设大学A组、大学B组、大学C组。</span></p><p style=\"text-align: left; line-height: 2em; margin-top: 5px; margin-bottom: 5px;\"><span style=\"font-family: 微软雅黑, &quot;Microsoft YaHei&quot;; font-size: 14px;\">&nbsp; &nbsp; &nbsp; 说明：985、211本科生只能报大学A组，所有院校研究生只能报大学A组，其它院校本科生可自行选择报大学A组或大学B组，高职高专院校可报大学C组或自行选择报任意组别。</span></p><p style=\"text-align: left; line-height: 2em; margin-top: 5px; margin-bottom: 5px;\"><span style=\"font-family: 微软雅黑, &quot;Microsoft YaHei&quot;; font-size: 14px;\">（3）嵌入式设计与开发</span></p><p style=\"text-align: left; line-height: 2em; margin-top: 5px; margin-bottom: 5px;\"><span style=\"font-family: 微软雅黑, &quot;Microsoft YaHei&quot;; font-size: 14px;\">&nbsp; &nbsp; &nbsp; 对象：具有正式学籍的在校全日制研究生、本科及高职高专学生(以报名时状态为准)，以个人为单位进行比赛。该专业方向设大学组。</span></p><p style=\"text-align: left; line-height: 2em; margin-top: 5px; margin-bottom: 5px;\"><span style=\"font-family: 微软雅黑, &quot;Microsoft YaHei&quot;; font-size: 14px;\">（4）单片机设计与开发</span></p><p style=\"text-align: left; line-height: 2em; margin-top: 5px; margin-bottom: 5px;\"><span style=\"font-family: 微软雅黑, &quot;Microsoft YaHei&quot;; font-size: 14px;\">&nbsp; &nbsp; &nbsp; 对象：具有正式学籍的在校全日制本科及高职高专学生(以报名时状态为准)，以个人为单位进行比赛。该专业方向设大学组。</span></p><p style=\"text-align: left; line-height: 2em; margin-top: 5px; margin-bottom: 5px;\"><span style=\"font-family: 微软雅黑, &quot;Microsoft YaHei&quot;; font-size: 14px;\"><br/></span></p><p style=\"text-align: left; line-height: 2em; margin-top: 5px; margin-bottom: 5px;\"><span style=\"font-family: 微软雅黑, &quot;Microsoft YaHei&quot;; font-size: 14px;\">二、组织构架</span></p><p style=\"text-align: left; line-height: 2em; margin-top: 5px; margin-bottom: 5px;\"><span style=\"font-family: 微软雅黑, &quot;Microsoft YaHei&quot;; font-size: 14px;\">大赛设置全国大赛组织委员会，并在全国参赛院校数量较多、参赛人数规模较大的城市选拔院校设置赛点。 <br/><span style=\"line-height: 2em; font-family: 微软雅黑, &quot;Microsoft YaHei&quot;; font-size: 14px;\">2.1全国组委会&nbsp;</span><br/></span></p><p style=\"text-align: left; line-height: 2em; margin-top: 5px; margin-bottom: 5px;\"><span style=\"font-family: 微软雅黑, &quot;Microsoft YaHei&quot;; font-size: 14px;\">&nbsp; &nbsp; &nbsp; 蓝桥杯大赛组委会设在工业和信息化部人才交流中心，负责领导全国范围内的大赛工作。 <br/>2.2举办省份 <br/>&nbsp; &nbsp; &nbsp;&nbsp;<span style=\"line-height: 2em; font-family: 微软雅黑, &quot;Microsoft YaHei&quot;; font-size: 14px;\">北京、上海、天津、重庆、河北、山西、内蒙古、辽宁、吉林、黑龙江、江苏、浙江、安徽、福建、江西、山东、河南、湖北、湖南、广东、广西、海南、四川、贵州、云南、陕西、甘肃、宁夏、青海、新疆、西藏&nbsp;</span></span></p><p style=\"text-align: left; line-height: 2em; margin-top: 5px; margin-bottom: 5px;\"><span style=\"font-family: 微软雅黑, &quot;Microsoft YaHei&quot;; font-size: 14px;\">2．3赛点 <br/>&nbsp; &nbsp; &nbsp; 大赛计划在报名人数比较集中的，符合报名要求、且能提供足够数量的符合大赛需求的软件环境和硬件设备的院校设立赛点。 赛点的设立既考虑报名人数，又要考虑区域的地理分布。赛点学校必须是有实力、有声望，对于组织当年省赛有很大的积极性。 赛点的设立由蓝桥杯大赛组委会确认，并签订相应协议。各学校赛点严格按照大赛章程、实施办法及《“全国软件和信息技术专业人才大赛”规则与赛场纪律》组织省赛。 <br/><br/></span></p><p style=\"text-align: left; line-height: 2em; margin-top: 5px; margin-bottom: 5px;\"><span style=\"font-family: 微软雅黑, &quot;Microsoft YaHei&quot;; font-size: 14px;\">三、报名 <br/>3.1报名时间 <br/>&nbsp; &nbsp; &nbsp; 报名时间：2016年10月——2016年12月15日。</span></p><p style=\"text-align: left; line-height: 2em; margin-top: 5px; margin-bottom: 5px;\"><span style=\"font-family: 微软雅黑, &quot;Microsoft YaHei&quot;; font-size: 14px;\">3.2报名人数及方式： </span></p><p style=\"text-align: left; line-height: 2em; margin-top: 5px; margin-bottom: 5px;\"><span style=\"font-family: 微软雅黑, &quot;Microsoft YaHei&quot;; font-size: 14px;\">&nbsp; &nbsp; &nbsp; 以学校为单位报名，原则上每所学校报名人数上限为100人。 </span></p><p style=\"text-align: left; line-height: 2em; margin-top: 5px; margin-bottom: 5px;\"><span style=\"font-family: 微软雅黑, &quot;Microsoft YaHei&quot;; font-size: 14px;\">&nbsp; &nbsp; &nbsp; 各参赛学校需为每位参赛选手配备一名指导教师，每名选手的指导教师最多一名，报多名的以排序第一的为准，其余无效。同一名指导教师可指导多位选手。 </span></p><p style=\"text-align: left; line-height: 2em; margin-top: 5px; margin-bottom: 5px;\"><span style=\"font-family: 微软雅黑, &quot;Microsoft YaHei&quot;; font-size: 14px;\">&nbsp; &nbsp; &nbsp; 报名方式：学校及选手登陆大赛官方网站在线报名。 <br/>3.3报名材料： <br/>&nbsp; &nbsp; &nbsp; 报名表、身份证复印件、学生证复印件、2寸相片，以上均需要电子扫描版，通过报名系统上传。 <br/>3.4报名及参赛费用<br/>&nbsp; &nbsp; &nbsp; C/C++程序设计、Java软件开发、嵌入式设计与开发、单片机设计与开发报名费为每人300元。</span></p><p style=\"text-align: left; line-height: 2em; margin-top: 5px; margin-bottom: 5px;\"><span style=\"font-family: 微软雅黑, &quot;Microsoft YaHei&quot;; font-size: 14px;\">&nbsp; &nbsp; &nbsp; 选手及指导老师在省赛、决赛期间发生的住宿、用餐、交通等费用自理； <br/>&nbsp; &nbsp; &nbsp; 报名费由蓝桥杯大赛组委会收取。 <br/>3.5组织工作：</span></p><p style=\"text-align: left; line-height: 2em; margin-top: 5px; margin-bottom: 5px;\"><span style=\"font-family: 微软雅黑, &quot;Microsoft YaHei&quot;; font-size: 14px;\">&nbsp; &nbsp; &nbsp; 大赛的报名、交费、下载准考证等工作全部通过蓝桥杯官网在线报名系统完成。<br/><br/></span></p><p style=\"text-align: left; line-height: 2em; margin-top: 5px; margin-bottom: 5px;\"><span style=\"font-family: 微软雅黑, &quot;Microsoft YaHei&quot;; font-size: 14px;\">四、 省赛管理<br/>4.1 省赛时间：2017年3月<br/>4.2省赛地点及形式:<br/>&nbsp; &nbsp; &nbsp; 大赛省赛采用统一命题、分赛区比赛的组织方式。选手在指定赛点参加省赛。 <br/>&nbsp; &nbsp; &nbsp; 大赛题目应具有实际意义和应用背景，并考虑到目前教学的基本内容和新技术的应用趋势，同时还应对教学内容和课程体系改革有一定的引导作用。公示所有获奖名单并启动监督反馈制度。 <br/><br/></span></p><p style=\"text-align: left; line-height: 2em; margin-top: 5px; margin-bottom: 5px;\"><span style=\"font-family: 微软雅黑, &quot;Microsoft YaHei&quot;; font-size: 14px;\">五、总决赛管理&nbsp;<br/>5.1 决赛时间：2017年5月<br/>5.2 总决赛赛题组织<br/>&nbsp; &nbsp; &nbsp; 大赛总决赛采用统一命题、集中考试的组织方式。<br/>&nbsp; &nbsp; &nbsp; 大赛题目应具有实际意义和应用背景，并考虑到目前教学的基本内容和新技术的应用趋势，同时还应对教学内容和课程体系改革有一定的引导作用。<br/>&nbsp; &nbsp; &nbsp; 题目的难易程度，既应使一般参赛学生能在规定时间内完成基本要求，又能使优秀学生有发挥与创新的余地。</span></p><p style=\"text-align: left; line-height: 2em; margin-top: 5px; margin-bottom: 5px;\"><span style=\"font-family: 微软雅黑, &quot;Microsoft YaHei&quot;; font-size: 14px;\">&nbsp; &nbsp; &nbsp; 总决赛由蓝桥杯大赛命题专家组统一命题。 <br/>&nbsp; &nbsp; &nbsp; 由蓝桥杯专家指导委员会审题组专家对所有备选题目进行审核，指定审核标准，为保证大赛的公平、公正性，所有审题、筛选过程必须保密，在总决赛前10天最终确定决赛题目。 <br/>5.3 总决赛竞赛方式 <br/>&nbsp; &nbsp; &nbsp; 大赛总决赛采用集中比赛的组织方式。参赛学生必须按统一时间参加大赛，按时开赛，准时交卷。 <br/>&nbsp; &nbsp; &nbsp; 比赛期间，选手需独立完成比赛任务，所需资料，均由蓝桥杯大赛组委会提供。<br/>5.4 赛题评审 <br/>&nbsp; &nbsp; &nbsp; 总决赛评审工作由蓝桥杯大赛组委会组织专家进行，评审中须严格遵守大赛全国专家组制定的统一评分及考核标准。 <br/>&nbsp; &nbsp; &nbsp; 评审组设组长1名，副组长2名，评审员若干，组长负主要责任，每位评审专家的原始评分及评审记录须交由大赛组委会保存。 <br/>&nbsp; &nbsp; &nbsp; 总决赛评审结果上报大赛组委会时，须同时提交含评审组每位评审专家签字的各项详细评分记录 ，否则其评审结果无效。 <br/><br/></span></p><p style=\"text-align: left; line-height: 2em; margin-top: 5px; margin-bottom: 5px;\"><span style=\"font-family: 微软雅黑, &quot;Microsoft YaHei&quot;; font-size: 14px;\">六、颁奖仪式&nbsp;<br/>6.1 时间：颁奖仪式于总决赛结束后举行。 <br/>6.2参与人员 <br/>&nbsp; &nbsp; &nbsp; 工业和信息化部、教育部有关部门领导、各知名院校、有关专家、企业代表、媒体记者、大赛组委会有关负责人、参赛学校代表、参赛学生代表等。 <br/>6.3 活动安排 <br/>&nbsp; &nbsp; &nbsp; ● 工业和信息化部、教育部有关部门领导致辞 <br/>&nbsp; &nbsp; &nbsp; ● 大赛组委会负责人作大赛总结 <br/>&nbsp; &nbsp; &nbsp; ● 有关领导为获奖学生和获奖单位颁奖 <br/>&nbsp; &nbsp; &nbsp; ● 获奖单位代表发言 <br/>&nbsp; &nbsp; &nbsp; ● 企业代表发言 <br/>&nbsp; &nbsp; &nbsp; ● 企业现场招聘会（免笔试直接面试） </span></p><p style=\"text-align: left; line-height: 2em; margin-top: 5px; margin-bottom: 5px;\"><span style=\"font-family: 微软雅黑, &quot;Microsoft YaHei&quot;; font-size: 14px;\">&nbsp; &nbsp; &nbsp; ● 校企座谈会<br/><br/></span></p><p style=\"text-align: left; line-height: 2em; margin-top: 5px; margin-bottom: 5px;\"><span style=\"font-family: 微软雅黑, &quot;Microsoft YaHei&quot;; font-size: 14px;\">七、奖项设置及评选办法 <br/>7.1省赛 <br/>（1）参赛选手奖 <br/>&nbsp; &nbsp; &nbsp; &nbsp;省赛每个组别设置一、二、三等奖，比例分别为10%、20%、30%，总比例为实际参赛人数的60%，零分卷不得奖。省赛一等奖选手获得直接进入全国总决赛资格。 所有获奖选手均可获得由工业和信息化部人才交流中心及大赛组委会联合颁发的获奖证书。 <br/>（2）指导教师奖 <br/>&nbsp; &nbsp; &nbsp; &nbsp;省赛中获奖的参赛选手的指导教师将获得“蓝桥杯全国软件和信息技术专业人才大赛（XX赛区）优秀指导教师”称号。 <br/>（3）参赛学校奖 <br/>&nbsp; &nbsp; &nbsp; &nbsp;参赛组织工作表现突出、经审批符合相关条件的单位，将获得“蓝桥杯全国软件和信息技术专业人才大赛（XX 赛区）优秀组织单位”称号； <br/>&nbsp; &nbsp; &nbsp; 参赛选手成绩优异，经审批符合相关条件的学校将获得“蓝桥杯全国软件和信息技术专业人才大赛（XX赛区） 优胜学校”称号。 <br/>7.2总决赛 <br/>&nbsp; &nbsp; &nbsp; 全国总决赛按参赛项目和成绩，为获奖学生、教师和组织单位颁发相应证书和奖励。其中： <br/>（1）参赛选手奖 <br/>&nbsp; &nbsp; &nbsp; 个人赛根据相应组别分别设立特、一、二、三等奖及优秀奖。在决赛奖项设置中，每个组别设置特等奖1名，一等奖不高于5%，二等奖占20%，三等奖不低于25%，优秀奖不超过50%， 零分卷不得奖。<br/>&nbsp; &nbsp; &nbsp; 所有获奖选手均可获得由工业和信息化部人才交流中心及大赛组委会联合颁发的获奖证书。 <br/>&nbsp; &nbsp; &nbsp; 总决赛三等奖及以上选手，如果获得本校免试推研资格，将获得北京大学软件与微电子学院等院校的面试资格，并优先录取为该院普通硕士研究生。 <br/>&nbsp; &nbsp; &nbsp; IBM、百度等数十家知名企业为优秀的参赛选手及获奖选手提供实习、工作绿色通道，优先安排面试、实习、就业。</span></p><p style=\"text-align: left; line-height: 2em; margin-top: 5px; margin-bottom: 5px;\"><span style=\"font-family: 微软雅黑, &quot;Microsoft YaHei&quot;; font-size: 14px;\">（2）指导教师奖 <br/>&nbsp; &nbsp; &nbsp; &nbsp;所有获奖选手的指导教师，均可获得“蓝桥杯全国软件和信息技术专业人才大赛优秀指导教师”证书。 <br/>（3）参赛学校奖 <br/>&nbsp; &nbsp; &nbsp; 参赛组织工作成绩突出、经审批符合相关条件的单位，获“蓝桥杯全国软件和信息技术专业人才大赛优秀组织单位”称号； <br/>&nbsp; &nbsp; &nbsp; 参赛选手成绩优异、经审批符合相关条件的学校获“蓝桥杯全国软件和信息技术专业人才大赛优胜学校”称号。 <br/><br/></span></p><p style=\"text-align: left; line-height: 2em; margin-top: 5px; margin-bottom: 5px;\"><span style=\"font-family: 微软雅黑, &quot;Microsoft YaHei&quot;; font-size: 14px;\">八、监督反馈 <br/>&nbsp; &nbsp; &nbsp; &nbsp;为保证大赛的公平、公正，对全国总决赛和各赛区省赛的初步评审结果执行监督反馈制度。投诉反馈期自公布评审初步结果之日起，为期3天，过期不再受理。</span></p><p style=\"text-align: left; line-height: 2em; margin-top: 5px; margin-bottom: 5px;\"><span style=\"font-family: 微软雅黑, &quot;Microsoft YaHei&quot;; font-size: 14px;\">&nbsp; &nbsp; &nbsp; &nbsp;<span style=\"line-height: 2em; font-family: 微软雅黑, &quot;Microsoft YaHei&quot;; font-size: 14px;\">投诉反馈期间，各赛区大赛组委会和全国大赛组委会将受理有关违反大赛比赛章程、规则和纪律的行为等。投诉和异议须以书面形式提出，由个人提出的异议，须注本人的真实姓名、工作单位、通信地址，并附有本人亲笔签名；由单位提出的异议，须注明单位指定联系人的姓名、通信地址、电话，并加盖单位公章。各赛区大赛组委会和全国大赛组委会须对提出异议的个人或单位严格保密。</span></span></p><p></p>','','admin','2017-01-03 14:54:51','1'),('ff80808159629921015962dc7ac60000','cgzs','实验基地','实验室视频','<p><video class=\"edui-upload-video  vjs-default-skin video-js\" controls=\"\" preload=\"none\" width=\"420\" height=\"280\" src=\"http://localhost:8080/ReservationSystem/ueditor/jsp/upload/video/20170103/1483427394828035094.f4v\" data-setup=\"{}\"><source src=\"http://localhost:8080/ReservationSystem/ueditor/jsp/upload/video/20170103/1483427394828035094.f4v\" type=\"video/f4v\"/></video></p>','','admin','2017-01-03 13:44:50','1');

/*Table structure for table orders */

DROP TABLE IF EXISTS orders;

CREATE TABLE orders (
  course_id varchar(32) NOT NULL,
  clazz_id varchar(32) NOT NULL,
  room_id varchar(32) NOT NULL,
  user_id varchar(32) NOT NULL,
  orderTime datetime NOT NULL,
  useTime int(11) NOT NULL,
  o_state varchar(2) DEFAULT NULL,
  orderId varchar(255) DEFAULT NULL,
  PRIMARY KEY (course_id,clazz_id,room_id,user_id,useTime),
  KEY FKC3DF62E5F24BD70F (room_id),
  KEY FKC3DF62E5795133FF (user_id),
  KEY FKC3DF62E5212191E2 (clazz_id),
  KEY FKC3DF62E56880E9CF (course_id),
  CONSTRAINT FKC3DF62E5212191E2 FOREIGN KEY (clazz_id) REFERENCES clazz (clazz_id),
  CONSTRAINT FKC3DF62E56880E9CF FOREIGN KEY (course_id) REFERENCES course (course_id),
  CONSTRAINT FKC3DF62E5795133FF FOREIGN KEY (user_id) REFERENCES user (id),
  CONSTRAINT FKC3DF62E5F24BD70F FOREIGN KEY (room_id) REFERENCES room (room_id)
) ENGINE=InnoDB DEFAULT CHARSET=utf8;

/*Data for the table orders */

insert  into orders(course_id,clazz_id,room_id,user_id,orderTime,useTime,o_state,orderId) values ('ff808081595dbebe01595dbf3dc00000','8a0327485954f87f015954f9e6ab0001','8a032748595e574f01595e5956e50000','297ea213595ffded01595ffe50d80000','2017-01-01 00:00:00',10,'2','8a032748595f3f4601595f405e370000'),('ff808081595dbebe01595dbf3dc00000','8a0327485954f87f015954f9e6ab0001','8a032748595e574f01595e5956e50000','297ea213595ffded01595ffe50d80000','2017-01-03 00:00:00',20,'0','8a0327485954f87f015954f9e6ab0001'),('ff808081595dbebe01595dc26ce50001','ff808081595da7b901595da9c0080002','ff8080815961ef69015961fcec520003','ff8080815961ef690159620035340005','2016-12-31 00:00:00',100,'3','ff8080815961ef69015961ff028e0002'),('ff808081595dbebe01595dc26ce50001','ff808081595da7b901595daa473f0003','8a032748595e60de01595e67281b0000','297ea213595ffded01595ffe50d80000','2017-01-02 00:00:00',30,'1','8a0327485958c0ba015958c32a250001'),('ff808081595dbebe01595dc26ce50001','ff808081595da7b901595daac5e50004','ff8080815961ef69015961fcec520003','ff8080815961ef690159620035340005','2016-11-29 00:00:00',250,'2','ff8080815961ef690159620035340001'),('ff808081595dbebe01595dc26ce50001','ff808081595da7b901595daac5e50004','ff8080815961ef69015961fcec520003','ff8080815961ef690159620035340005','2016-11-30 00:00:00',400,'1','ff8080815961ef690159620035340005');

DROP TABLE IF EXISTS person;
CREATE TABLE person (
  id varchar(32) NOT NULL,
  name varchar(20) DEFAULT NULL,
  PRIMARY KEY (id)
) ENGINE=InnoDB DEFAULT CHARSET=utf8;
DROP TABLE IF EXISTS role;
CREATE TABLE role (
  role_id varchar(32) NOT NULL,
  name varchar(20) NOT NULL,
  state varchar(1) DEFAULT NULL,
  PRIMARY KEY (role_id)
) ENGINE=InnoDB DEFAULT CHARSET=utf8;
insert  into role(role_id,name,state) values ('8a0327485954f87f015954f9e6ab0001','管理员','1'),('8a0327485954f87f015954fa34e40002','一般用户','1'),('8a0327485954f87f015954fa66cb0003','教师','1'),('ff808081595861280159586313180000','游客','1');
DROP TABLE IF EXISTS role_privilege;
CREATE TABLE role_privilege (
  role_id varchar(32) NOT NULL,
  code varchar(20) NOT NULL,
  PRIMARY KEY (role_id,code),
  KEY FK45FBD628A365989F (role_id),
  CONSTRAINT FK45FBD628A365989F FOREIGN KEY (role_id) REFERENCES role (role_id)
) ENGINE=InnoDB DEFAULT CHARSET=utf8;
insert  into role_privilege(role_id,code) values ('8a0327485954f87f015954f9e6ab0001','cgzs'),('8a0327485954f87f015954f9e6ab0001','grxx'),('8a0327485954f87f015954f9e6ab0001','sjgl'),('8a0327485954f87f015954f9e6ab0001','xtsy'),('8a0327485954f87f015954f9e6ab0001','yyxx'),('8a0327485954f87f015954fa34e40002','cgzs'),('8a0327485954f87f015954fa34e40002','grxx'),('8a0327485954f87f015954fa34e40002','xtsy'),('8a0327485954f87f015954fa66cb0003','cgzs'),('8a0327485954f87f015954fa66cb0003','grxx'),('8a0327485954f87f015954fa66cb0003','xtsy'),('8a0327485954f87f015954fa66cb0003','yyxx'),('ff808081595861280159586313180000','cgzs'),('ff808081595861280159586313180000','xtsy');
DROP TABLE IF EXISTS room;
CREATE TABLE room (
  room_id varchar(32) NOT NULL,
  r_capacity int(11) DEFAULT NULL,
  r_imgPath varchar(50) DEFAULT NULL,
  r_filePath varchar(50) DEFAULT NULL,
  r_memo varchar(100) DEFAULT NULL,
  r_state varchar(2) DEFAULT NULL,
  r_number varchar(20) DEFAULT NULL,
  r_name varchar(20) DEFAULT NULL,
  r_type varchar(20) DEFAULT NULL,
  PRIMARY KEY (room_id)
) ENGINE=InnoDB DEFAULT CHARSET=utf8;
insert  into room(room_id,r_capacity,r_imgPath,r_filePath,r_memo,r_state,r_number,r_name,r_type) values ('4028abe859634545015963564f350000',120,'room/efeac53cd822435c814fec1cd391ae74.jpg',NULL,'','1','A504','软件实验室','jf'),('4028abe859634545015963574c2d0001',10,'room/e21fbd6fff2b4b6982b18dc92d45274f.jpg',NULL,'','1','A103','智能车实验室','dqsys'),('8a032748595e574f01595e5956e50000',100,'room/688a4207923b4e0bb1912f5db9a9e502.jpg','room/3e8d0cd074654d62b920cde116754e33.swf','学生需要自带计算机','1','A503','软件实验室','jf'),('8a032748595e60de01595e67281b0000',120,'room/ece937ac58b84b10bc42ab79289d51aa.jpg',NULL,'','1','A403','软件实验室','jf'),('ff8080815961ef69015961f921580002',100,'room/945dba8ef1724531bce06fa513488581.jpg',NULL,'','1','A405','软件实验室','jf'),('ff8080815961ef69015961fcec520003',120,'room/f8da0d741be24435acbeb52908e29fb2.jpg',NULL,'','1','A203','电气实验室','dqsys');
DROP TABLE IF EXISTS user;
CREATE TABLE user (
  id varchar(32) NOT NULL,
  name varchar(20) NOT NULL,
  account varchar(50) NOT NULL,
  password varchar(50) NOT NULL,
  headImg varchar(100) DEFAULT NULL,
  gender bit(1) DEFAULT NULL,
  email varchar(50) DEFAULT NULL,
  mobile varchar(20) DEFAULT NULL,
  birthday datetime DEFAULT NULL,
  state varchar(1) DEFAULT NULL,
  memo varchar(200) DEFAULT NULL,
  PRIMARY KEY (id)
) ENGINE=InnoDB DEFAULT CHARSET=utf8;
insert  into user(id,name,account,password,headImg,gender,email,mobile,birthday,state,memo) values ('297ea213595ffded01595ffe50d80000','admin','admin','admin','user/dc73113a777b4100b0a7e8aa1b719298.jpg','\0','18001111000@163.com','18001111000','2017-01-03 00:00:00','1',''),('4028abe85964c6b3015964d2867a0006','user2','user2','123456',NULL,'','18001111333@163.com','18001111333','1994-11-10 00:00:00','1',NULL),('4028abe85964c6b3015964d2867a0007','user3','user3','123456',NULL,'','18001111000@163.com','1.8001111E+10','1994-11-10 00:00:00','1',NULL),('4028abe85964c6b3015964d2867a0008','user4','user4','123456',NULL,'\0','18001111332@163.com','18001111332','2000-11-11 00:00:00','1',NULL),('4028abe85964c6b3015964d2867a0009','user3','user3','123456',NULL,'','13899119922@163.com','13899119922','1998-01-10 00:00:00','1',NULL),('ff8080815961ef690159620035340005','user1','user1','123456',NULL,'\0','18001111000@163.com','18001111000','2017-01-03 00:00:00','1','');
DROP TABLE IF EXISTS user_role;
CREATE TABLE user_role (
  role_id varchar(32) NOT NULL,
  user_id varchar(32) NOT NULL,
  PRIMARY KEY (role_id,user_id),
  KEY FK143BF46AA365989F (role_id),
  CONSTRAINT FK143BF46AA365989F FOREIGN KEY (role_id) REFERENCES role (role_id)
) ENGINE=InnoDB DEFAULT CHARSET=utf8;
insert  into user_role(role_id,user_id) values ('8a0327485954f87f015954f9e6ab0001','297ea213595ffded01595ffe50d80000'),('8a0327485954f87f015954f9e6ab0001','4028abe85964c6b3015964c8c6750000'),('8a0327485954f87f015954f9e6ab0001','8a0327485954f87f015954f95f860000'),('8a0327485954f87f015954f9e6ab0001','8a032748595f3f4601595f405e370000'),('8a0327485954f87f015954fa34e40002','4028abe85964c6b3015964c906640001'),('8a0327485954f87f015954fa34e40002','8a0327485954f87f015954fb32c80004'),('8a0327485954f87f015954fa34e40002','8a0327485958c0ba015958c2e7ef0000'),('8a0327485954f87f015954fa66cb0003','8a0327485958c0ba015958c32a250001'),('8a0327485954f87f015954fa66cb0003','8a0327485958dafc015958dc12ad0000'),('8a0327485954f87f015954fa66cb0003','ff8080815961ef690159620035340005'),('ff808081595861280159586313180000','8a0327485958c0ba015958c3b7110002');
